{
  "solver": "Normal",
  "tnom": 27.0,
  "temp": 27.0,
  "method": "trap",
  "v_n001_max": 0.812196552753,
  "v_n001_min": -1.00087451935,
  "v_n001_rms": 0.601846354405,
  "v_n002_max": 0.621152639389,
  "v_n002_min": -1.0010522604,
  "v_n002_rms": 0.447001812347,
  "v_n003_max": 5.0,
  "v_n003_min": 5.0,
  "v_n003_rms": 5.0,
  "v_n004_max": 1.0,
  "v_n004_min": -1.0,
  "v_n004_rms": 0.999933222142,
  "v_n005_max": 0.620066463947,
  "v_n005_min": -1.00174891949,
  "v_n005_rms": 0.447189458879,
  "v_n006_max": -5.0,
  "v_n006_min": -5.0,
  "v_n006_rms": 5.0,
  "i_v1_max": -0.00140872166958,
  "i_v1_min": -0.0015392282512,
  "i_v1_rms": 0.00145124916848,
  "i_v2_max": 0.00153907574713,
  "i_v2_min": 0.0014088092139,
  "i_v2_rms": 0.00145122897421,
  "i_v3_max": 0.000118877294881,
  "i_v3_min": -0.000131436609081,
  "i_v3_rms": 3.35386561528e-05
}