{
  "solver": "Normal",
  "tnom": 27.0,
  "temp": 27.0,
  "method": "trap",
  "v__vcc_max": -5.0,
  "v__vcc_min": -5.0,
  "v__vcc_rms": 5.0,
  "v_n001_max": 0.000989553751424,
  "v_n001_min": 0.000989553635009,
  "v_n001_rms": 0.000989553635016,
  "v_n002_max": -1.0,
  "v_n002_min": -1.0,
  "v_n002_rms": 1.0,
  "v_vcc_max": 5.0,
  "v_vcc_min": 5.0,
  "v_vcc_rms": 5.0,
  "v_vout_max": 2.00317239761,
  "v_vout_min": 2.00317239761,
  "v_vout_rms": 2.00317239761,
  "i_v1_max": 0.00100098957773,
  "i_v1_min": 0.00100098957773,
  "i_v1_rms": 0.00100098957773,
  "i_v2_max": -0.00237846770324,
  "i_v2_min": -0.00237846770324,
  "i_v2_rms": 0.00237846770324,
  "i_v3_max": 0.00137753610034,
  "i_v3_min": 0.00137753610034,
  "i_v3_rms": 0.00137753610034
}