{
  "solver": "Normal",
  "tnom": 27.0,
  "temp": 27.0,
  "method": "trap",
  "v_n001_max": 0.999129533768,
  "v_n001_min": -1.00087738037,
  "v_n001_rms": 0.984799988199,
  "v_n002_max": 0.975458502769,
  "v_n002_min": -1.01172530651,
  "v_n002_rms": 0.776944648228,
  "v_n003_max": 5.0,
  "v_n003_min": 5.0,
  "v_n003_rms": 5.0,
  "v_n004_max": 1.0,
  "v_n004_min": -1.0,
  "v_n004_rms": 0.999933162099,
  "v_n005_max": 0.972988247871,
  "v_n005_min": -1.01245713234,
  "v_n005_rms": 0.776940685291,
  "v_n006_max": -5.0,
  "v_n006_min": -5.0,
  "v_n006_rms": 5.0,
  "i_v1_max": -0.00140853773337,
  "i_v1_min": -0.00153976946604,
  "i_v1_rms": 0.00145130007794,
  "i_v2_max": 0.00153987342492,
  "i_v2_min": 0.0014086846495,
  "i_v2_rms": 0.0014513506444,
  "i_v3_max": 0.00013112812303,
  "i_v3_min": -0.000131428401801,
  "i_v3_rms": 1.14904275159e-05
}