{
  "solver": "Normal",
  "tnom": 27.0,
  "temp": 27.0,
  "method": "trap",
  "v_n001_max": 5.0,
  "v_n001_min": 5.0,
  "v_n001_rms": 5.0,
  "v_n002_max": 0.92173409462,
  "v_n002_min": 0.92173409462,
  "v_n002_rms": 0.92173409462,
  "v_n003_max": 3.94177174568,
  "v_n003_min": 3.94177174568,
  "v_n003_rms": 3.94177174568,
  "v_n004_max": 34.0714569092,
  "v_n004_min": 34.0714569092,
  "v_n004_rms": 34.0714569092,
  "v_n005_max": 2.50002503395,
  "v_n005_min": 2.50002503395,
  "v_n005_rms": 2.50002503395,
  "v_n006_max": 3.00945734978,
  "v_n006_min": 3.00945734978,
  "v_n006_rms": 3.00945734978,
  "v_n007_max": 4.23210954666,
  "v_n007_min": 4.23210954666,
  "v_n007_rms": 4.23210954666,
  "v_n008_max": 4.21730184555,
  "v_n008_min": 4.21730184555,
  "v_n008_rms": 4.21730184555,
  "v_n009_max": -5.0,
  "v_n009_min": -5.0,
  "v_n009_rms": 5.0,
  "v_p001_max": 4.47138500214,
  "v_p001_min": 4.47138500214,
  "v_p001_rms": 4.47138500214,
  "v_p002_max": 0.552258789539,
  "v_p002_min": 0.552258789539,
  "v_p002_rms": 0.552258789539,
  "i_v2_max": 0.0476420335472,
  "i_v2_min": 0.0476420335472,
  "i_v2_rms": 0.0476420335472,
  "i_v3_max": 0.00337660638615,
  "i_v3_min": 0.00337660638615,
  "i_v3_rms": 0.00337660638616
}