{
  "solver": "Normal",
  "tnom": 27.0,
  "temp": 27.0,
  "method": "trap",
  "v__vcc_max": -5.0,
  "v__vcc_min": -5.0,
  "v__vcc_rms": 5.0,
  "v_n001_max": 0.00100000924431,
  "v_n001_min": 0.00100000901148,
  "v_n001_rms": 0.00100000912789,
  "v_n002_max": 5.0,
  "v_n002_min": 5.0,
  "v_n002_rms": 5.0,
  "v_vcc_max": 5.0,
  "v_vcc_min": 5.0,
  "v_vcc_rms": 5.0,
  "v_vout_max": 0.00132784096058,
  "v_vout_min": 0.00132784072775,
  "v_vout_rms": 0.00132784072776,
  "i_v1_max": -2.52498733033e-09,
  "i_v1_min": -2.52500043096e-09,
  "i_v1_rms": 2.5249989877e-09,
  "i_v2_max": -0.00145110778976,
  "i_v2_min": -0.00145110778976,
  "i_v2_rms": 0.00145110778976,
  "i_v3_max": 0.00145116820931,
  "i_v3_min": 0.00145116820931,
  "i_v3_rms": 0.00145116820931
}