{
  "solver": "Normal",
  "tnom": 27.0,
  "temp": 27.0,
  "method": "trap",
  "v_n001_max": 0.999705195427,
  "v_n001_min": -1.00029599667,
  "v_n001_rms": 0.994912370677,
  "v_n002_max": 0.858113706112,
  "v_n002_min": -1.02070689201,
  "v_n002_rms": 0.605980634227,
  "v_n003_max": 5.0,
  "v_n003_min": 5.0,
  "v_n003_rms": 5.0,
  "v_n004_max": 1.0,
  "v_n004_min": -1.0,
  "v_n004_rms": 0.999933162447,
  "v_n005_max": 0.852817118168,
  "v_n005_min": -1.02114415169,
  "v_n005_rms": 0.606030747147,
  "v_n006_max": -5.0,
  "v_n006_min": -5.0,
  "v_n006_rms": 5.0,
  "i_v1_max": -0.00138635211624,
  "i_v1_min": -0.00176862557419,
  "i_v1_rms": 0.00145160252852,
  "i_v2_max": 0.00176981394179,
  "i_v2_min": 0.00138655293267,
  "i_v2_rms": 0.00145160086651,
  "i_v3_max": 0.000381914171157,
  "i_v3_min": -0.000383603299269,
  "i_v3_rms": 1.97299014474e-05
}