{
  "solver": "Normal",
  "tnom": 27.0,
  "temp": 27.0,
  "method": "trap",
  "v_n001_max": 0.532855331898,
  "v_n001_min": 0.532855331898,
  "v_n001_rms": 0.532855331898,
  "v_n002_max": 0.903764426708,
  "v_n002_min": 0.903764426708,
  "v_n002_rms": 0.903764426708,
  "v_n003_max": 2.0,
  "v_n003_min": 2.0,
  "v_n003_rms": 2.0,
  "i_v2_max": -0.000548117794096,
  "i_v2_min": -0.000548117794096,
  "i_v2_rms": 0.000548117794096
}