{
  "solver": "Normal",
  "tnom": 27.0,
  "temp": 27.0,
  "method": "trap",
  "v_n001_max": 9.0,
  "v_n001_min": 9.0,
  "v_n001_rms": 9.0,
  "v_n002_max": 4.46428585052,
  "v_n002_min": 4.46428585052,
  "v_n002_rms": 4.46428585052,
  "i_v1_max": -0.00209986767732,
  "i_v1_min": -0.00209986767732,
  "i_v1_rms": 0.00209986767732
}