{
  "solver": "Normal",
  "tnom": 27.0,
  "temp": 27.0,
  "method": "trap",
  "v__vcc_max": -5.0,
  "v__vcc_min": -5.0,
  "v__vcc_rms": 5.0,
  "v_n001_max": 1.31252765656,
  "v_n001_min": 1.31252765656,
  "v_n001_rms": 1.31252765656,
  "v_n002_max": 4.98503065109,
  "v_n002_min": 4.98503065109,
  "v_n002_rms": 4.98503065109,
  "v_n003_max": 5.0,
  "v_n003_min": 5.0,
  "v_n003_rms": 5.0,
  "v_vcc_max": 5.0,
  "v_vcc_min": 5.0,
  "v_vcc_rms": 5.0,
  "v_vout_max": 3.92293286324,
  "v_vout_min": 3.92293286324,
  "v_vout_rms": 3.92293286324,
  "i_v1_max": -7.48475076762e-06,
  "i_v1_min": -7.48475076762e-06,
  "i_v1_rms": 7.48475076762e-06,
  "i_v2_max": -0.00268149771728,
  "i_v2_min": -0.00268149771728,
  "i_v2_rms": 0.00268149771728,
  "i_v3_max": 0.00137645495124,
  "i_v3_min": 0.00137645495124,
  "i_v3_rms": 0.00137645495124
}