{
  "solver": "Normal",
  "tnom": 27.0,
  "temp": 27.0,
  "method": "trap",
  "v_n001_max": 0.999126911163,
  "v_n001_min": -1.00087463856,
  "v_n001_rms": 0.96935312963,
  "v_n002_max": 1.00084590912,
  "v_n002_min": -1.00096797943,
  "v_n002_rms": 0.953669629866,
  "v_n003_max": 5.0,
  "v_n003_min": 5.0,
  "v_n003_rms": 5.0,
  "v_n004_max": 1.0,
  "v_n004_min": -1.0,
  "v_n004_rms": 0.9999331621,
  "v_n005_max": 0.998253703117,
  "v_n005_min": -1.00174891949,
  "v_n005_rms": 0.953645322023,
  "v_n006_max": -5.0,
  "v_n006_min": -5.0,
  "v_n006_rms": 5.0,
  "i_v1_max": -0.0014085478615,
  "i_v1_min": -0.00153974432033,
  "i_v1_rms": 0.00145131131457,
  "i_v2_max": 0.00153982895426,
  "i_v2_min": 0.00140869035386,
  "i_v2_rms": 0.00145136915071,
  "i_v3_max": 0.000131718348712,
  "i_v3_min": -0.000131895794766,
  "i_v3_rms": 1.6264440296e-05
}