{
  "solver": "Normal",
  "tnom": 27.0,
  "temp": 27.0,
  "method": "trap",
  "v_n001_max": 9.0,
  "v_n001_min": 9.0,
  "v_n001_rms": 9.0,
  "v_n002_max": 0.384615391493,
  "v_n002_min": 0.384615391493,
  "v_n002_rms": 0.384615391493,
  "i_v1_max": -0.00398860406131,
  "i_v1_min": -0.00398860406131,
  "i_v1_rms": 0.00398860406131
}