{
  "solver": "Normal",
  "tnom": 27.0,
  "temp": 27.0,
  "method": "trap",
  "v__vcc_max": -5.0,
  "v__vcc_min": -5.0,
  "v__vcc_rms": 5.0,
  "v_n001_max": 1.37405097485,
  "v_n001_min": 1.37405097485,
  "v_n001_rms": 1.37405097485,
  "v_n002_max": 4.0,
  "v_n002_min": 4.0,
  "v_n002_rms": 4.0,
  "v_vcc_max": 5.0,
  "v_vcc_min": 5.0,
  "v_vcc_rms": 5.0,
  "v_vout_max": -3.87199115753,
  "v_vout_min": -3.87199115753,
  "v_vout_rms": 3.87199115753,
  "i_v1_max": -0.00262594898231,
  "i_v1_min": -0.00262594898231,
  "i_v1_rms": 0.00262594898231,
  "i_v2_max": -0.00126668915618,
  "i_v2_min": -0.00126668915618,
  "i_v2_rms": 0.00126668915618,
  "i_v3_max": 0.00388986989856,
  "i_v3_min": 0.00388986989856,
  "i_v3_rms": 0.00388986989856
}