{
  "solver": "Normal",
  "tnom": 27.0,
  "temp": 27.0,
  "method": "trap",
  "v__vcc_max": -5.0,
  "v__vcc_min": -5.0,
  "v__vcc_rms": 5.0,
  "v_n001_max": 1.31119167805,
  "v_n001_min": 1.31119167805,
  "v_n001_rms": 1.31119167805,
  "v_n002_max": 3.98900914192,
  "v_n002_min": 3.98900914192,
  "v_n002_rms": 3.98900914192,
  "v_n003_max": 4.0,
  "v_n003_min": 4.0,
  "v_n003_rms": 4.0,
  "v_vcc_max": 5.0,
  "v_vcc_min": 5.0,
  "v_vcc_rms": 5.0,
  "v_vout_max": 3.92290377617,
  "v_vout_min": 3.92290377617,
  "v_vout_rms": 3.92290377617,
  "i_v1_max": -5.49537935512e-06,
  "i_v1_min": -5.49537935512e-06,
  "i_v1_rms": 5.49537935512e-06,
  "i_v2_max": -0.00268214964308,
  "i_v2_min": -0.00268214964308,
  "i_v2_rms": 0.00268214964308,
  "i_v3_max": 0.00137645332143,
  "i_v3_min": 0.00137645332143,
  "i_v3_rms": 0.00137645332143
}