{
  "solver": "Normal",
  "tnom": 27.0,
  "temp": 27.0,
  "method": "trap",
  "v_n001_max": 9.0,
  "v_n001_min": 9.0,
  "v_n001_rms": 9.0,
  "v_n002_max": 0.110024452209,
  "v_n002_min": 0.110024452209,
  "v_n002_rms": 0.110024452209,
  "i_v1_max": -0.0011112469947,
  "i_v1_min": -0.0011112469947,
  "i_v1_rms": 0.0011112469947
}