{
  "solver": "Normal",
  "tnom": 27.0,
  "temp": 27.0,
  "method": "trap",
  "v_n001_max": 0.996832072735,
  "v_n001_min": -1.00087451935,
  "v_n001_rms": 0.871394343487,
  "v_n002_max": 0.995871424675,
  "v_n002_min": -1.00100183487,
  "v_n002_rms": 0.818198251215,
  "v_n003_max": 5.0,
  "v_n003_min": 5.0,
  "v_n003_rms": 5.0,
  "v_n004_max": 1.0,
  "v_n004_min": -1.0,
  "v_n004_rms": 0.9999331621,
  "v_n005_max": 0.993147969246,
  "v_n005_min": -1.00174891949,
  "v_n005_rms": 0.818178175489,
  "v_n006_max": -5.0,
  "v_n006_min": -5.0,
  "v_n006_rms": 5.0,
  "i_v1_max": -0.00140854774509,
  "i_v1_min": -0.00153976795264,
  "i_v1_rms": 0.00145131201443,
  "i_v2_max": 0.00153982976917,
  "i_v2_min": 0.00140868499875,
  "i_v2_rms": 0.00145136702331,
  "i_v3_max": 0.00013156553905,
  "i_v3_min": -0.000131897279061,
  "i_v3_rms": 2.29856274149e-05
}