{
  "solver": "Normal",
  "tnom": 27.0,
  "temp": 27.0,
  "method": "trap",
  "v_n001_max": 0.886043548584,
  "v_n001_min": 0.886043548584,
  "v_n001_rms": 0.886043548584,
  "v_n002_max": 5.0,
  "v_n002_min": 5.0,
  "v_n002_rms": 5.0,
  "v_n003_max": 0.52240717411,
  "v_n003_min": 0.52240717411,
  "v_n003_rms": 0.52240717411,
  "i_v1_max": -0.000806658121292,
  "i_v1_min": -0.000806658121292,
  "i_v1_rms": 0.000806658121291
}