{
  "solver": "Normal",
  "tnom": 27.0,
  "temp": 27.0,
  "method": "trap",
  "v_n001_max": 9.0,
  "v_n001_min": 9.0,
  "v_n001_rms": 9.0,
  "v_n002_max": 4.7872338295,
  "v_n002_min": 4.7872338295,
  "v_n002_rms": 4.7872338295,
  "i_v1_max": -0.000526595744304,
  "i_v1_min": -0.000526595744304,
  "i_v1_rms": 0.000526595744304
}