{
  "solver": "Normal",
  "tnom": 27.0,
  "temp": 27.0,
  "method": "trap",
  "v_n001_max": 5.0,
  "v_n001_min": 5.0,
  "v_n001_rms": 5.0,
  "v_ve_max": 4.28718948364,
  "v_ve_min": 4.28718948364,
  "v_ve_rms": 4.28718948364,
  "i_v1_max": -0.0142906326801,
  "i_v1_min": -0.0142906326801,
  "i_v1_rms": 0.0142906326801
}