{
  "solver": "Normal",
  "tnom": 27.0,
  "temp": 27.0,
  "method": "trap",
  "v__vcc_max": -5.0,
  "v__vcc_min": -5.0,
  "v__vcc_rms": 5.0,
  "v_n001_max": 0.10000000149,
  "v_n001_min": -1.9103500843,
  "v_n001_rms": 1.90907941708,
  "v_n002_max": 0.111189864576,
  "v_n002_min": -3.84131765366,
  "v_n002_rms": 3.8385420946,
  "v_n003_max": 0.10100261867,
  "v_n003_min": 0.0576773956418,
  "v_n003_rms": 0.0802923467665,
  "v_n004_max": 0.111189857125,
  "v_n004_min": -0.684849381447,
  "v_n004_rms": 0.684747970117,
  "v_vcc_max": 5.0,
  "v_vcc_min": 5.0,
  "v_vcc_rms": 5.0,
  "i_v1_max": -0.00126249447931,
  "i_v1_min": -0.00145661563147,
  "i_v1_rms": 0.00126671258156,
  "i_v2_max": 0.00486198021099,
  "i_v2_min": 0.00144601380453,
  "i_v2_rms": 0.00483791139158
}