{
  "solver": "Normal",
  "tnom": 27.0,
  "temp": 27.0,
  "method": "trap",
  "v__vcc_max": -5.0,
  "v__vcc_min": -5.0,
  "v__vcc_rms": 5.0,
  "v_n001_max": 1.30985569954,
  "v_n001_min": 1.30985569954,
  "v_n001_rms": 1.30985569954,
  "v_n002_max": 2.99298787117,
  "v_n002_min": 2.99298787117,
  "v_n002_rms": 2.99298787117,
  "v_n003_max": 3.0,
  "v_n003_min": 3.0,
  "v_n003_rms": 3.0,
  "v_vcc_max": 5.0,
  "v_vcc_min": 5.0,
  "v_vcc_rms": 5.0,
  "v_vout_max": 3.9228746891,
  "v_vout_min": 3.9228746891,
  "v_vout_rms": 3.9228746891,
  "i_v1_max": -3.50600771526e-06,
  "i_v1_min": -3.50600771526e-06,
  "i_v1_rms": 3.50600771526e-06,
  "i_v2_max": -0.00268280133605,
  "i_v2_min": -0.00268280133605,
  "i_v2_rms": 0.00268280133605,
  "i_v3_max": 0.0013764515752,
  "i_v3_min": 0.0013764515752,
  "i_v3_rms": 0.0013764515752
}