{
  "solver": "Normal",
  "tnom": 27.0,
  "temp": 27.0,
  "method": "trap",
  "v_n001_max": 9.0,
  "v_n001_min": 9.0,
  "v_n001_rms": 9.0,
  "v_n002_max": 0.645161271095,
  "v_n002_min": 0.645161271095,
  "v_n002_rms": 0.645161271095,
  "i_v1_max": -0.000884109933395,
  "i_v1_min": -0.000884109933395,
  "i_v1_rms": 0.000884109933395
}