{
  "solver": "Normal",
  "tnom": 27.0,
  "temp": 27.0,
  "method": "trap",
  "v_n001_max": 3.62234550266e-06,
  "v_n001_min": 3.62234550266e-06,
  "v_n001_rms": 3.62234550266e-06,
  "v_n002_max": 6.14378222963e-06,
  "v_n002_min": 6.14378222963e-06,
  "v_n002_rms": 6.14378222963e-06,
  "v_n003_max": 1.43661606312,
  "v_n003_min": 1.43661606312,
  "v_n003_rms": 1.43661606312,
  "v_n004_max": 2.0,
  "v_n004_min": 2.0,
  "v_n004_rms": 2.0,
  "i_v2_max": -0.000281691958662,
  "i_v2_min": -0.000281691958662,
  "i_v2_rms": 0.000281691958662
}