{
  "solver": "Normal",
  "tnom": 27.0,
  "temp": 27.0,
  "method": "trap",
  "v__vcc_max": -5.0,
  "v__vcc_min": -5.0,
  "v__vcc_rms": 5.0,
  "v_n001_max": 3.00003004074,
  "v_n001_min": 3.00003004074,
  "v_n001_rms": 3.00003004074,
  "v_n002_max": 3.00002503395,
  "v_n002_min": 3.00002503395,
  "v_n002_rms": 3.00002503395,
  "v_n003_max": 3.0,
  "v_n003_min": 3.0,
  "v_n003_rms": 3.0,
  "v_vcc_max": 5.0,
  "v_vcc_min": 5.0,
  "v_vcc_rms": 5.0,
  "v_vout_max": -4.98207187653,
  "v_vout_min": -4.98207187653,
  "v_vout_rms": 4.98207187653,
  "i_v1_max": 2.49823113307e-08,
  "i_v1_min": 2.49823113307e-08,
  "i_v1_rms": 2.49823113307e-08,
  "i_v2_max": -0.00131585844792,
  "i_v2_min": -0.00131585844792,
  "i_v2_rms": 0.00131585844792,
  "i_v3_max": 0.00031582347583,
  "i_v3_min": 0.00031582347583,
  "i_v3_rms": 0.00031582347583
}