{
  "solver": "Normal",
  "tnom": 27.0,
  "temp": 27.0,
  "method": "trap",
  "v__vcc_max": -5.0,
  "v__vcc_min": -5.0,
  "v__vcc_rms": 5.0,
  "v_n001_max": 3.00005984306,
  "v_n001_min": 3.00005984306,
  "v_n001_rms": 3.00005984306,
  "v_n002_max": 5.0,
  "v_n002_min": 5.0,
  "v_n002_rms": 5.0,
  "v_n003_max": 5.0,
  "v_n003_min": 5.0,
  "v_n003_rms": 5.0,
  "v_vcc_max": 5.0,
  "v_vcc_min": 5.0,
  "v_vcc_rms": 5.0,
  "v_vout_max": -4.98282432556,
  "v_vout_min": -4.98283672333,
  "v_vout_rms": 4.98282560495,
  "i_v1_max": -1.20719345978e-11,
  "i_v1_min": -1.20719345978e-11,
  "i_v1_rms": 1.20719345978e-11,
  "i_v2_max": -0.00131595274433,
  "i_v2_min": -0.00131595274433,
  "i_v2_rms": 0.00131595274434,
  "i_v3_max": 0.000315932789817,
  "i_v3_min": 0.000315932789817,
  "i_v3_rms": 0.000315932789817
}