{
  "solver": "Normal",
  "tnom": 27.0,
  "temp": 27.0,
  "method": "trap",
  "v_n001_max": 9.0,
  "v_n001_min": 9.0,
  "v_n001_rms": 9.0,
  "v_n002_max": 3.46153855324,
  "v_n002_min": 3.46153855324,
  "v_n002_rms": 3.46153855324,
  "i_v1_max": -0.000692307716236,
  "i_v1_min": -0.000692307716236,
  "i_v1_rms": 0.000692307716236
}