{
  "solver": "Normal",
  "tnom": 27.0,
  "temp": 27.0,
  "method": "trap",
  "v__vcc_max": -5.0,
  "v__vcc_min": -5.0,
  "v__vcc_rms": 5.0,
  "v_n001_max": -0.0384509861469,
  "v_n001_min": -0.0384509861469,
  "v_n001_rms": 0.0384509861469,
  "v_n002_max": -2.0,
  "v_n002_min": -2.0,
  "v_n002_rms": 2.0,
  "v_vcc_max": 5.0,
  "v_vcc_min": 5.0,
  "v_vcc_rms": 5.0,
  "v_vout_max": 3.88459038734,
  "v_vout_min": 3.88459038734,
  "v_vout_rms": 3.88459038734,
  "i_v1_max": 0.00196154904552,
  "i_v1_min": 0.00196154904552,
  "i_v1_rms": 0.00196154904552,
  "i_v2_max": -0.00333687569946,
  "i_v2_min": -0.00333687569946,
  "i_v2_rms": 0.00333687569946,
  "i_v3_max": 0.0013755147811,
  "i_v3_min": 0.0013755147811,
  "i_v3_rms": 0.0013755147811
}