{
  "solver": "Normal",
  "tnom": 27.0,
  "temp": 27.0,
  "method": "trap",
  "v_n001_max": 1.40845239162,
  "v_n001_min": 1.40845239162,
  "v_n001_rms": 1.40845239162,
  "v_n002_max": 5.0,
  "v_n002_min": 5.0,
  "v_n002_rms": 5.0,
  "v_n003_max": 1.40845358372,
  "v_n003_min": 1.40845358372,
  "v_n003_rms": 1.40845358372,
  "v_n004_max": 1.43661808968,
  "v_n004_min": 1.43661808968,
  "v_n004_rms": 1.43661808968,
  "v_n005_max": 2.0,
  "v_n005_min": 2.0,
  "v_n005_rms": 2.0,
  "i_v1_max": -0.000704225036316,
  "i_v1_min": -0.000704225036316,
  "i_v1_rms": 0.000704225036316,
  "i_v2_max": -0.000281690969132,
  "i_v2_min": -0.000281690969132,
  "i_v2_rms": 0.000281690969132
}