{
  "solver": "Normal",
  "tnom": 27.0,
  "temp": 27.0,
  "method": "trap",
  "v_n001_max": 1.5,
  "v_n001_min": 1.5,
  "v_n001_rms": 1.5,
  "i_v1_max": -0.0299999993294,
  "i_v1_min": -0.0299999993294,
  "i_v1_rms": 0.0299999993294
}