{
  "solver": "Normal",
  "tnom": 27.0,
  "temp": 27.0,
  "method": "trap",
  "v__vcc_max": -5.0,
  "v__vcc_min": -5.0,
  "v__vcc_rms": 5.0,
  "v_n001_max": 0.0386066064239,
  "v_n001_min": 0.0386066064239,
  "v_n001_rms": 0.0386066064239,
  "v_n002_max": 2.0,
  "v_n002_min": 2.0,
  "v_n002_rms": 2.0,
  "v_vcc_max": 5.0,
  "v_vcc_min": 5.0,
  "v_vcc_rms": 5.0,
  "v_vout_max": -3.88372683525,
  "v_vout_min": -3.88372683525,
  "v_vout_rms": 3.88372683525,
  "i_v1_max": -0.00196139328182,
  "i_v1_min": -0.00196139328182,
  "i_v1_rms": 0.00196139328182,
  "i_v2_max": -0.00130806060042,
  "i_v2_min": -0.00130806060042,
  "i_v2_rms": 0.00130806060042,
  "i_v3_max": 0.00326938694343,
  "i_v3_min": 0.00326938694343,
  "i_v3_rms": 0.00326938694343
}