{
  "solver": "Normal",
  "tnom": 27.0,
  "temp": 27.0,
  "method": "trap",
  "v_n001_max": 9.0,
  "v_n001_min": 9.0,
  "v_n001_rms": 9.0,
  "v_n002_max": 2.27272725105,
  "v_n002_min": 2.27272725105,
  "v_n002_rms": 2.27272725105,
  "i_v1_max": -0.00311447819695,
  "i_v1_min": -0.00311447819695,
  "i_v1_rms": 0.00311447819695
}