{
  "solver": "Normal",
  "tnom": 27.0,
  "temp": 27.0,
  "method": "trap",
  "v__vcc_max": -5.0,
  "v__vcc_min": -5.0,
  "v__vcc_rms": 5.0,
  "v_n001_max": 0.00099996116478,
  "v_n001_min": 0.000999961048365,
  "v_n001_rms": 0.000999961048366,
  "v_n002_max": 5.0,
  "v_n002_min": 5.0,
  "v_n002_rms": 5.0,
  "v_vcc_max": 5.0,
  "v_vcc_min": 5.0,
  "v_vcc_rms": 5.0,
  "v_vout_max": 0.0109342373908,
  "v_vout_min": 0.0109342373908,
  "v_vout_rms": 0.0109342373908,
  "i_v1_max": -2.52499865461e-09,
  "i_v1_min": -2.5250010971e-09,
  "i_v1_rms": 2.52499909125e-09,
  "i_v2_max": -0.00145110778976,
  "i_v2_min": -0.00145110778976,
  "i_v2_rms": 0.00145110778976,
  "i_v3_max": 0.00145116820931,
  "i_v3_min": 0.00145116820931,
  "i_v3_rms": 0.00145116820931
}