{
  "solver": "Normal",
  "tnom": 27.0,
  "temp": 27.0,
  "method": "trap",
  "v_n001_max": 0.0583306737244,
  "v_n001_min": -0.00289340293966,
  "v_n001_rms": 0.0324756463677,
  "v_n002_max": 0.0587870515883,
  "v_n002_min": -0.00224647368304,
  "v_n002_rms": 0.0328531485656,
  "v_n003_max": 5.0,
  "v_n003_min": 5.0,
  "v_n003_rms": 5.0,
  "v_n004_max": 0.0627905204892,
  "v_n004_min": 0.0,
  "v_n004_rms": 0.0362616686201,
  "v_n005_max": 0.0577863939106,
  "v_n005_min": -0.00324639794417,
  "v_n005_rms": 0.0320252742782,
  "v_n006_max": -5.0,
  "v_n006_min": -5.0,
  "v_n006_rms": 5.0,
  "i_v1_max": -0.00145109358709,
  "i_v1_min": -0.00145111372694,
  "i_v1_rms": 0.00145110813507,
  "i_v2_max": 0.00145118241198,
  "i_v2_min": 0.00145116227213,
  "i_v2_rms": 0.00145116791135,
  "i_v3_max": -5.78680570129e-08,
  "i_v3_min": -1.12742661429e-07,
  "i_v3_rms": 9.05428670611e-08
}