{
  "solver": "Normal",
  "tnom": 27.0,
  "temp": 27.0,
  "method": "trap",
  "v_n001_max": 1.07806313038,
  "v_n001_min": 1.07806301117,
  "v_n001_rms": 1.07806301117,
  "v_n002_max": 5.0,
  "v_n002_min": 5.0,
  "v_n002_rms": 5.0,
  "v_n003_max": 0.84808743,
  "v_n003_min": 0.848087251186,
  "v_n003_rms": 0.848087251187,
  "v_n004_max": 0.330387681723,
  "v_n004_min": 0.330387592316,
  "v_n004_rms": 0.330387681723,
  "i_v1_max": -0.000769007252529,
  "i_v1_min": -0.000769007252529,
  "i_v1_rms": 0.000769007252529
}