{
  "solver": "Normal",
  "tnom": 27.0,
  "temp": 27.0,
  "method": "trap",
  "v_n001_max": 3.0,
  "v_n001_min": 3.0,
  "v_n001_rms": 3.0,
  "i_v1_max": -0.0599999986589,
  "i_v1_min": -0.0599999986589,
  "i_v1_rms": 0.0599999986589
}