{
  "solver": "Normal",
  "tnom": 27.0,
  "temp": 27.0,
  "method": "trap",
  "v_n001_max": 5.0,
  "v_n001_min": 5.0,
  "v_n001_rms": 5.0,
  "v_vd_max": 0.000252499972703,
  "v_vd_min": 0.000252499972703,
  "v_vd_rms": 0.000252499972703,
  "i_v1_max": -2.52499976483e-09,
  "i_v1_min": -2.52499976483e-09,
  "i_v1_rms": 2.52499976483e-09
}