{
  "solver": "Normal",
  "tnom": 27.0,
  "temp": 27.0,
  "method": "trap",
  "v_n001_max": 0.959873795509,
  "v_n001_min": -0.983160912991,
  "v_n001_rms": 0.671333628047,
  "v_n002_max": 0.184791401029,
  "v_n002_min": -0.183647334576,
  "v_n002_rms": 0.127573803328,
  "v_n003_max": 5.0,
  "v_n003_min": 5.0,
  "v_n003_rms": 5.0,
  "v_n004_max": 1.0,
  "v_n004_min": -1.0,
  "v_n004_rms": 0.700228726833,
  "v_n005_max": 0.183737650514,
  "v_n005_min": -0.184598490596,
  "v_n005_rms": 0.127566659631,
  "v_n006_max": -5.0,
  "v_n006_min": -5.0,
  "v_n006_rms": 5.0,
  "i_v1_max": -0.00144222727977,
  "i_v1_min": -0.00146132602822,
  "i_v1_rms": 0.00145139727098,
  "i_v2_max": 0.00146111706272,
  "i_v2_min": 0.00144209479913,
  "i_v2_rms": 0.00145145480897,
  "i_v3_max": 3.57635763066e-05,
  "i_v3_min": -3.54757030436e-05,
  "i_v3_rms": 2.47344903655e-05
}