{
  "solver": "Normal",
  "tnom": 27.0,
  "temp": 27.0,
  "method": "trap",
  "v__vcc_max": -5.0,
  "v__vcc_min": -5.0,
  "v__vcc_rms": 5.0,
  "v_n001_max": 1.00090050697,
  "v_n001_min": 1.00090050697,
  "v_n001_rms": 1.00090050697,
  "v_n002_max": 0.999884307384,
  "v_n002_min": 0.999884307384,
  "v_n002_rms": 0.999884307385,
  "v_n003_max": 1.0,
  "v_n003_min": 1.0,
  "v_n003_rms": 1.0,
  "v_vcc_max": 5.0,
  "v_vcc_min": 5.0,
  "v_vcc_rms": 5.0,
  "v_vout_max": 3.00290513039,
  "v_vout_min": 3.00290513039,
  "v_vout_rms": 3.00290513039,
  "i_v1_max": -5.78604435475e-08,
  "i_v1_min": -5.78604435475e-08,
  "i_v1_rms": 5.78604435475e-08,
  "i_v2_max": -0.00237837922759,
  "i_v2_min": -0.00237837922759,
  "i_v2_rms": 0.00237837922759,
  "i_v3_max": 0.001377536566,
  "i_v3_min": 0.001377536566,
  "i_v3_rms": 0.001377536566
}