{
  "solver": "Normal",
  "tnom": 27.0,
  "temp": 27.0,
  "method": "trap",
  "v__vcc_max": -5.0,
  "v__vcc_min": -5.0,
  "v__vcc_rms": 5.0,
  "v_n001_max": -0.704515337944,
  "v_n001_min": -0.704515337944,
  "v_n001_rms": 0.704515337944,
  "v_n002_max": -3.0,
  "v_n002_min": -3.0,
  "v_n002_rms": 3.0,
  "v_vcc_max": 5.0,
  "v_vcc_min": 5.0,
  "v_vcc_rms": 5.0,
  "v_vout_max": 3.88367581367,
  "v_vout_min": 3.88367581367,
  "v_vout_rms": 3.88367581368,
  "i_v1_max": 0.00229548453353,
  "i_v1_min": 0.00229548453353,
  "i_v1_rms": 0.00229548453353,
  "i_v2_max": -0.00366925518028,
  "i_v2_min": -0.00366925518028,
  "i_v2_rms": 0.00366925518028,
  "i_v3_max": 0.00137531931978,
  "i_v3_min": 0.00137531931978,
  "i_v3_rms": 0.00137531931978
}