{
  "solver": "Normal",
  "tnom": 27.0,
  "temp": 27.0,
  "method": "trap",
  "v__vcc_max": -5.0,
  "v__vcc_min": -5.0,
  "v__vcc_rms": 5.0,
  "v_n001_max": 0.00814620964229,
  "v_n001_min": 0.00100511265919,
  "v_n001_rms": 0.00782696911746,
  "v_n002_max": 1.97826862335,
  "v_n002_min": 1.0,
  "v_n002_rms": 1.97132606367,
  "v_n003_max": 3.96721744537,
  "v_n003_min": 1.01121795177,
  "v_n003_rms": 3.95289286873,
  "v_n004_max": 1.0322740078,
  "v_n004_min": 1.00102651119,
  "v_n004_rms": 1.016707511,
  "v_vcc_max": 5.0,
  "v_vcc_min": 5.0,
  "v_vcc_rms": 5.0,
  "v_vout_max": -1.00767946243,
  "v_vout_min": -3.93690705299,
  "v_vout_rms": 3.90014319198,
  "i_v1_max": -0.00291706365533,
  "i_v1_min": -0.00345641793683,
  "i_v1_rms": 0.0034397359951,
  "i_v2_max": 0.00303697469644,
  "i_v2_min": 0.00291497958824,
  "i_v2_rms": 0.00302212111228
}