{
  "solver": "Normal",
  "tnom": 27.0,
  "temp": 27.0,
  "method": "trap",
  "v__vcc_max": -5.0,
  "v__vcc_min": -5.0,
  "v__vcc_rms": 5.0,
  "v_n001_max": 0.00101044541225,
  "v_n001_min": 0.00101044541225,
  "v_n001_rms": 0.00101044541225,
  "v_n002_max": 1.0,
  "v_n002_min": 1.0,
  "v_n002_rms": 1.0,
  "v_vcc_max": 5.0,
  "v_vcc_min": 5.0,
  "v_vcc_rms": 5.0,
  "v_vout_max": -1.9967648983,
  "v_vout_min": -1.9967648983,
  "v_vout_rms": 1.9967648983,
  "i_v1_max": -0.000998989562504,
  "i_v1_min": -0.000998989562504,
  "i_v1_rms": 0.000998989562504,
  "i_v2_max": -0.00137738732155,
  "i_v2_min": -0.00137738732155,
  "i_v2_rms": 0.00137738732155,
  "i_v3_max": 0.00237643462606,
  "i_v3_min": 0.00237643462606,
  "i_v3_rms": 0.00237643462606
}