{
  "solver": "Normal",
  "tnom": 27.0,
  "temp": 27.0,
  "method": "trap",
  "v_n001_max": 5.0,
  "v_n001_min": 5.0,
  "v_n001_rms": 5.0,
  "v_vd_max": 3.78749996344e-06,
  "v_vd_min": 3.78749996344e-06,
  "v_vd_rms": 3.78749996344e-06,
  "i_v1_max": -2.52499998687e-09,
  "i_v1_min": -2.52499998687e-09,
  "i_v1_rms": 2.52499998687e-09
}